epoch,step,val_loss
0,4,0.6708395481109619
1,9,0.6716761589050293
