epoch,step,val_loss
0,4,0.7234764099121094
1,9,0.7209647297859192
