epoch,step,val_loss
0,4,0.6967241168022156
1,9,0.6974167823791504
