epoch,step,val_loss
0,4,0.7359145283699036
1,9,0.7361313700675964
